✔ frozen pool is pinned and the reviewed projection rebuilds byte-identically (2146.1856ms)
✔ retailers register once in the established deterministic order (255.9403ms)
✖ directory counts and All Items are deterministic and lazy (322.6221ms)
✖ every visible item has approved explicit Australia-only store evidence, source brand and attribution (238.1813ms)
✔ all 705 retained exclusions and lexical rejects remain outside the production index (174.1137ms)
✔ community provenance cannot be fabricated from names, brand, partial store text, foreign country or missing pins (189.1692ms)
✔ tampered hydrated community evidence fails closed (358.4647ms)
✔ guided bread is limited to its approved Aldi concept (197.1711ms)
✔ guided yoghurt is limited to its approved Aldi concept (163.2938ms)
✔ guided cheese is limited to its approved Aldi concept (226.6035ms)
✔ guided cereal is limited to its approved Aldi concept (145.1975ms)
✔ retailer-aware Aldi bread uses the food concept even without bread in the source title (128.9551ms)
✔ cancellation clears Aldi ownership and preserves generic Bread intent (117.6868ms)
✔ all 20 existing protected OFF GTIN records merge compatibly without changing brand or nutrition (381.3423ms)
✔ incompatible same-GTIN identity remains blocked through repeated canonicalisation (98.2909ms)
✔ bread slices preserves identity, amount conversion and one final Review (86.2569ms)
✔ liquid Pepsi preserves identity, amount conversion and one final Review (86.5275ms)
✔ gram cheese preserves identity, amount conversion and one final Review (97.1614ms)
✔ muesli serve preserves identity, amount conversion and one final Review (113.0515ms)
✔ gram yoghurt preserves identity, amount conversion and one final Review (114.847ms)
✔ unknown values stay unknown; explicit water zeroes remain zero; packs never create count measures (98.4866ms)
✖ bounded Woolworths and Coles regressions retain their roots and accepted catalogues (97.619ms)
✔ submitted retailer product filter keeps approved concept evidence across either merge order (125.0308ms)
✔ shared concept source choices expose covered retailers without altering generic-only concepts (92.8212ms)
✔ retailer search uses registered food-concept aliases before title matching (121.3036ms)
✔ canonical identity is stable across display renames and respects explicit source identity (2.1694ms)
✔ brand normalization handles punctuation, case and spacing without product-specific branches (12.6837ms)
✔ different GTINs, pack sizes and nutritional variants remain distinct (2.3756ms)
✔ same GTIN prefers sourced authority and preserves contradictory evidence (8.9493ms)
✔ equal-trust unresolved contradictions block logging rather than average (3.0839ms)
✔ a matching brand/name alone is insufficient cross-source identity proof (0.3715ms)
✔ retailer evidence and online candidates cannot masquerade as manufacturer verification (16.8281ms)
✔ unknown metadata remains unknown on canonical identity (4.9992ms)
✔ source checks detect impossible servings and nutrition contradictions (1.0807ms)
✔ canonical eligibility agrees across preview, submitted Search and restaurant branch (75.4837ms)
✔ legacy preview-only identities are excluded by the shared contract (2.2296ms)
✔ selecting a weak result cannot discard its contextual eligibility restriction (14.1713ms)
✔ query revisions discard all previous intent and reject asynchronous writes (1.4585ms)
✔ Australian-first brand results are bounded and contain only the resolved brand (7.8197ms)
✔ brand-only queries do not become a food concept inherited from cached products (11.9366ms)
✔ noisy indexed brands cannot capture generic facets or declared menu families (68.3128ms)
✔ spread evidence is gated by food form; an unknown spread gets no borrowed spoons (4.9053ms)
✔ Flora accepted measures, nutrition and canonical identity survive data migration (12.711ms)
✔ legacy classification record precedes edits and obsolete production maps are removed (11.3408ms)
✔ pilot expansion has multiple source families and preserves qualified nutrient values (35.9362ms)
✔ shared quality preserves base, semantic groups, alphabetical references and bounds (320.7339ms)
✔ strong AU names and variants precede category-only foreign names despite brand diversity (61.6809ms)
✔ plain milk precedes a recognised flavoured restaurant product (4.6755ms)
✔ containing dishes cannot outrank direct identities through source or brand trust (27.1876ms)
✔ catalogue prevalence is distinct compatible AU records, cached per growing snapshot (10.2727ms)
✔ committed Bread and Milk discovery replaces weak first-list probes and retains exact foreign products (4080.2854ms)
✖ every generated record passes identity, GTIN, AU, nutrition, conflicts and unknown preservation (13640.2478ms)
✔ all admitted source tokens meet reproducible tiers without merging companies or sub-brands (6263.4056ms)
✔ the wave adds no duplicate OFF identity and retains existing retailer evidence (1538.7657ms)
✔ known solids never gain liquid measures in the complete generated wave (1554.3822ms)
✔ brand plus exact product outranks lexical extensions and incomplete records never enter brand browse (206.8339ms)
✔ brand browse is bounded, category scoped, and all pages cover the complete brand (108.2456ms)
✔ generic food and retailer intent cannot become an exact-brand catalogue query (1.8594ms)
✔ a complete indexed brand outranks a shorter registered brand prefix (8.2192ms)
✔ concept Brand Name options contain accepted relevant products only (232.1028ms)
✔ source tokens allow secondary explicit brand membership without ownership inference (0.5855ms)
✔ cancelled asynchronous queries cannot hand off foods (1.7265ms)
✔ decorated brand sorting preserves the existing complete ranking order (151.0589ms)
✔ cached raw OFF rows cannot bypass audited brand admission (71.7522ms)
✔ representative real products retain one amount-to-Review conversion (19.9441ms)
✔ actual directory controller preserves the entire index set despite loaded manufacturer and retailer records (70112.0621ms)
✔ failed generated shard loading cannot substitute a cached or manufacturer-only directory (9.375ms)
✔ every generated brand directory has exactly its admitted identities across all pages and categories (14636.6691ms)
✔ priority counts, source spellings, Hash Browns membership and exact products remain admitted (51.5496ms)
✔ brand labels, manufacturer supplements and excluded raw products cannot grant generated-directory admission (543.3713ms)
✔ retailer aliases reuse the admitted canonical GTIN without losing either membership (3.7386ms)
✔ fresh brand hydration resolves retailer authority, retains OFF evidence and uses canonical Review nutrition (17.0837ms)
✔ audited brand generation is byte deterministic and committed outputs match (40183.4035ms)
✔ classification snapshots match uncached decisions after scalar and in-place category/source mutations (1069.941ms)
✔ complete-record cache hits are identical, isolated, and invalidate every safety/ranking input (47.5978ms)
✔ hydrated OFF adapter records reuse unchanged decisions despite optional undefined metadata (311.4765ms)
✔ memoized and uncached addability agree across all 1922 admitted products (14242.3592ms)
✔ complete concept candidate groups, diagnostics and ranking match the uncached reference (30052.0011ms)
✔ serving normalization preserves the uncached text algorithm (84.3146ms)
✔ the established percentile is the maximum at 20 and index 47 at 50 (1.5692ms)
✔ all samples including a slow first search remain in arrival order (1.7232ms)
✔ generic median and p95 are independent inclusive gates, evaluated without rounding (0.3493ms)
✔ cold check is separate, exactly one observation, and inclusive at 500 ms (3.3288ms)
✔ all other rendered operations retain their existing strict 250 ms p95 gate (1.1643ms)
✔ incomplete distributions, unknown operations and invalid durations cannot pass (1.1795ms)
✔ one failing independent run or cold check fails acceptance without averaging (0.4126ms)
✔ classification cache distinguishes category fields and invalidates edited identities (9.8504ms)
✔ indexed peer identity decisions equal the established scan for every admitted category (2436.1065ms)
✔ indexed identity preserves duplicate labels, family shells and distinct GTIN exceptions (0.9129ms)
✔ missing source nutrients stay absent; explicit source zero remains zero (2.2414ms)
✔ whole source brand field and separate tokens are preserved without ownership inference (0.4299ms)
✔ simple punctuation normalization does not merge unrelated accents or parent labels (0.2212ms)
✔ unsupported source domains cannot enter through a secondary food tag (0.5163ms)
✔ category assignment requires explicit supported source category; name or brand is insufficient (0.6655ms)
✔ noise values are held rather than rewritten into a consumer brand (1.2083ms)
✔ ingredient suffixes cannot turn pizzas and pasta sauces into cheese (0.7474ms)
✔ contradictory serving quantities and mixed cheese identities are excluded (1.9597ms)
✔ cached online renderer and subsequent lookup retain conflict, retailer evidence and both packs (39.7687ms)
✔ product cache retains complete canonical evidence even when one competing source did not score (3.1791ms)
✔ online canonical ranking retains score, Australian preference and name tie ordering (2.0552ms)
✔ federated and repeatedly canonicalised conflicts remain blocked through the cached UI (6.0361ms)
✔ legacy online result policy retains canonical legacy records and stable lookup (6.641ms)
✔ independent source identities retain eligibility and ranking when weaker same-label rows arrive (51.4862ms)
✔ copies of one canonical identity cannot manufacture label ambiguity (1.2199ms)
✔ ambiguous labels within one source stay blocked and exact preview cannot bypass that decision (8.0992ms)
✔ independent sources do not make generic or unnamed records specific products (11.1669ms)
✔ shared GTIN conflict and source authority checks still control canonical merging (8.8056ms)
Chiko regression evidence: C:\Users\mlwes\AppData\Local\Temp\hec-chiko-regression-GGzAOx
✔ real production Chiko preview, hydrated Search and selection retain the accepted roll identity (14989.1402ms)
✔ automatic apostrophe products preserve display and canonical identity across matching variants (231.1935ms)
ℹ {"kind":"apostrophe","id":"off:9319133334670","brand":"Carman's","name":"Classic Fruit & Nut Muesli","canonicalId":"barcode:9319133334670","variants":3}
ℹ {"kind":"apostrophe","id":"off:9340156084976","brand":"Rafferty's Garden","name":"Summer fruits & quinoa","canonicalId":"barcode:9340156084976","variants":3}
✔ automatic typographic products preserve display and canonical identity across matching variants (198.8544ms)
ℹ {"kind":"typographic","id":"off:8711327638372","brand":"Ben & Jerry’s","name":"Chocolate Chip Cookie Dough 79g","canonicalId":"barcode:8711327638372","variants":4}
ℹ {"kind":"typographic","id":"off:8801083421179","brand":"Kellogg’s","name":"Rice Bubbles - Gluten Free","canonicalId":"barcode:8801083421179","variants":3}
✔ automatic hyphen products preserve display and canonical identity across matching variants (166.0959ms)
ℹ {"kind":"hyphen","id":"off:8801047168324","brand":"Dogani Seolleongtang - 도가니 설렁탕","name":"Cow Knee And Bone Soup","canonicalId":"barcode:8801047168324","variants":5}
ℹ {"kind":"hyphen","id":"off:3415581105360","brand":"Häagen-Dazs","name":"STRAWBERRIES & CREAM","canonicalId":"barcode:3415581105360","variants":7}
✔ automatic ampersand products preserve display and canonical identity across matching variants (120.2485ms)
ℹ {"kind":"ampersand","id":"off:9310375002495","brand":"Dimmies & Tinnies","name":"Chicken And Corn Dim Sim","canonicalId":"barcode:9310375002495","variants":2}
ℹ {"kind":"ampersand","id":"off:9300682100113","brand":"m&m's","name":"crunchy cookie m&m's - 11 pieces","canonicalId":"barcode:9300682100113","variants":4}
✔ automatic punctuationSpacing products preserve display and canonical identity across matching variants (113.2729ms)
ℹ {"kind":"punctuationSpacing","id":"off:2132780010318","brand":"Ready- Set... Cook!","name":"Boneless Butterfly Chicken Greek Style","canonicalId":"barcode:2132780010318","variants":5}
ℹ {"kind":"punctuationSpacing","id":"off:9337096101467","brand":"Well & Good","name":"Choc Chip Cookie Mix","canonicalId":"barcode:9337096101467","variants":2}
✔ all house-brand admissions reuse accepted canonical identity, brand, nutrition and measures (777.4985ms)
✔ official house-brand relationship is bound to both identities and AU product evidence (2.7553ms)
✔ every retailer root exposes only audited eligible house families once (1606.9308ms)
✔ direct house-brand search reaches the same canonical records without retailer brand replacement (581.8799ms)
✔ source spelling keys, legacy Select and unresolved candidate holds remain explicit (1378.3376ms)
✔ unknown nutrition stays unknown and natural measures do not change (109.3245ms)
✔ incomplete nutrition and same-GTIN conflicts never gain ordinary admission (1872.4971ms)
✔ protected McCain canonical alias and 75 g Review energy are unchanged (4.4189ms)
✔ family audit and admissions are hash-pinned with private-testing policy intact (26.146ms)
✔ all accepted brand identity, panel and measure bytes match starting SOURCE (1415.43ms)
✔ house-brand ingredient and use mentions cannot pollute concept narrowing (0.8147ms)
✔ explicit retailer and house-brand product requests preserve evidenced identity (16.4505ms)
✔ all admitted expansion identities are unique, loggable, attributable, and retain public release review (7124.2517ms)
✔ unknown OFF nutrients stay absent and qualified official panel values are never invented as zero (759.1693ms)
✔ every expanded retailer page has actual evidence and no duplicate canonical choices (3042.5939ms)
✔ multi-market explicit Australia store evidence is accepted; a foreign-only or fabricated store claim is rejected (1.7332ms)
✔ manufacturer catalogue identities without GTIN are admitted only by canonical identity (7.7482ms)
✔ all preserved accepted brand identities remain admitted exactly once (123.4707ms)
✔ new regional identity holds and ingredient-only family mentions stay out of unrelated categories (248.7912ms)
✔ new manufacturer products without a known barcode do not display a literal null barcode (9.2626ms)
✔ category coverage never acts as an admission cap for otherwise eligible foods (35.2197ms)
✔ 1. exact barcode intent resolves one product (568.0596ms)
✔ 2. exact product intent requires a defensible product identity (0.4931ms)
✔ 3. consumer brand intent comes from the brand index (0.2977ms)
✔ 4. brand plus product intent is composed before ranking (0.2657ms)
✔ 5. generic category intent comes from category intelligence (0.2507ms)
✔ 6. broad fallback remains available (0.3486ms)
✔ 7. no confident match is explicit (0.1985ms)
✔ 8. brand spaces normalise generically (0.1966ms)
✔ 9. brand punctuation is ignored by the generic key (0.2446ms)
✔ 10. apostrophes normalise generically (0.1819ms)
✔ 11. case normalises generically (1.2192ms)
✔ 12. company/source text is not consumer-brand membership (0.5749ms)
✔ 13. exact product-name field outranks weak text (0.7028ms)
✔ 14. Australian catalogue source outranks broad online fallback (0.2045ms)
✔ 15. category membership is grouped ahead of incidental text (0.1383ms)
✔ 16. adding product words restricts a recognised brand (0.0872ms)
✔ 17. online federation does not mutate local order (2.36ms)
✔ 18. query progression reports meaningful refinement (0.2535ms)
✔ 19. brand reference is navigation-only (0.1568ms)
✔ 20. barcode-only identity is not exact eligible (0.1272ms)
✔ 21. all-uppercase source labels receive readable capitalization (0.1231ms)
✔ 22. exact GTIN deduplication is conservative (7.1546ms)
✔ 23. real variants with different GTINs remain separate (0.2598ms)
✔ 24. brand enters the one guided engine (13.269ms)
✔ 25. a weak large-brand category facet falls back to product pagination (240.9354ms)
✔ 26. manageable data-derived variants present concrete products (3.1796ms)
✔ 27. only facets that divide candidates are asked (3.0601ms)
✔ 28. Back recomputes from identity answers (6.925ms)
✔ 29. upstream identity change clears amount state (12.4378ms)
✔ 30. liquid profile uses mL (3.6067ms)
✔ 31. liquid profile offers an Australian 250 mL cup (1.7397ms)
✔ 32. spread profile uses grams (2.4146ms)
✔ 33. spread retains an explicit compatible manufacturer serve (1.7315ms)
✔ 34. trusted generic spread teaspoon uses the existing HEC 5 g conversion (2.4536ms)
✔ 35. an explicit package teaspoon count is allowed (2.059ms)
✔ 36. countable package derives a piece measure (1.6163ms)
✔ 37. custom decimal amount scales after measure (3.9116ms)
✔ 38. package size is not selected consumption (2.1994ms)
✔ 39. nutrition basis is not selected consumption (2.5816ms)
✔ 40. conflicting kcal and kJ are normalised from one source (0.2061ms)
✔ 41. one basis factor scales kcal and kJ together (0.1303ms)
✔ 42. missing nutrient remains unknown (0.1036ms)
✔ 43. energy conflict downgrades integrity (0.1063ms)
✔ 44. missing macros produce partial nutrition (0.1015ms)
✔ 45. identity-only product is blocked safely (0.3376ms)
✔ 46. real Flora brand universe remains 30 products (0.163ms)
✔ 47. real Meadow Lea variants share one brand and omit the reference as exact (2.0249ms)
✔ 48. real Milk ranks plain identity/category members first (0.4371ms)
✔ 49. real Pauls excludes similar unrelated brands (0.5665ms)
✔ 50. real Trim Milk keeps both Australian candidates (0.3008ms)
✔ 51. Pauls Trim Milk restricts within Pauls (0.1175ms)
✔ 52. Big Mac authoritative source remains present (5.0952ms)
✔ 53. Large McDonald’s Fries remains present (0.7131ms)
✔ 54. Hotcakes complete-meal rule remains present (0.4951ms)
✔ 55. Bunnings natural item remains present (5.4617ms)
✔ 56. Chiko canonical dedup remains one display row (0.2815ms)
✔ 57. generic Fries routing remains preserved (1.4529ms)
✔ 58. Weight foundation remains loaded (2.7388ms)
✔ 59. focused keyboard handler preserves the caret (8.214ms)
✔ 60. all 73,300 committed products remain indexed (0.2714ms)
✔ 61. product shards remain lazy rather than startup-preloaded (1.938ms)
✔ 62. broader online remains a weaker source tier (0.2113ms)
✔ 63. exact catalogue product taps enter the shared guide (4.1548ms)
✔ 64. serving UI asks measure then amount clearly (5.6586ms)
✔ 65. architecture audit answers all ten requirements YES (7.1914ms)
✔ 66. punctuation-heavy single-brand products use the derived exact-name index (0.2106ms)
✔ 1. delayed online arrivals never reorder or replace the local Trim Milk snapshot (22.1538ms)
✔ 2. a stale Trim mil response is rejected after Trim milk becomes active (13.6712ms)
✔ 3. continuing the exact query preserves its revision and immutable local result (5.2294ms)
✔ 4. every changed raw query receives a monotonic revision (0.3443ms)
✔ 5. weak names cannot become exact while meaningful peer identities exist (1.8701ms)
✔ 6. barcode-known identity remains incomplete rather than exact (7.6932ms)
✔ 7. brand references remain navigation-only (0.2983ms)
✔ 8. small and medium sets use direct concrete products (24.7425ms)
✔ 9. a balanced shopper-facing facet is accepted only for a genuinely large set (59.5124ms)
✔ 10. broad taxonomy noise is rejected and large results paginate real products (167.6312ms)
✔ 11. unspecified spread keeps grams without borrowed household measures (36.1783ms)
✔ 12. liquid milk keeps arbitrary mL and the Australian 250 mL cup (18.964ms)
✔ 13. production online append updates only the broader surface (0.5787ms)
✔ 14. production large-search awaits are guarded by token, revision and current input (0.5996ms)
✔ 15. weak online shells are excluded from exact-product selection (1.2865ms)
✔ 16. recovery production modules contain no named-brand resolver branches (5.6322ms)
✔ 17. mobile safeguards retain bounded choices, stable caret and unresolved-action suppression (6.3222ms)
✔ 18. catalogue manifest remains the approved production-scale snapshot (0.2998ms)
✖ ordinary supermarket browse is relationship-gated, current or uncertain, never sale or provenance alone (370.1197ms)
✔ independent and legacy products retain useful global search and canonical identity (303.5043ms)
✔ retailer Brands navigation reaches Seasons Pride and Elmsbury, with category intersection (6.4741ms)
✔ compound foods outrank ingredient and broad cake tokens in projected categories and concepts (3.2869ms)
✔ Jewel/Gem aliases resolve one canonical product, preserve authentic names and exact branded intent (14.9811ms)
✖ all accepted source identity, nutrition, measure and evidence facts remain byte-equivalent (309.4452ms)
✔ protected McCain review still resolves its canonical alias and accepted energy (1.1646ms)
✔ fixed manifest is bounded, canonical-distinct and all decisions reconcile (23.1382ms)
✔ all 15 existing restrictions survive fresh evidence and runtime hydration (551.6032ms)
✖ 24 Wave 1B corrections survive; Wave 2A accounts for later shared fallback changes (288.0941ms)
✔ shared category rules are retailer-neutral and reject misleading ingredients and forms (0.7444ms)
✔ stock and flavour cues never hijack chicken, while ordinary chicken remains compatible (2.2641ms)
✔ retailer concept queries retrieve evidenced families without lexical cereal in every title (58.4262ms)
✔ dry preparation words take precedence over beverage ancestry without changing prepared drinks (5.5049ms)
✔ structured Australian savoury biscuits provide generic Crackers without admitting sweet biscuits (23.005ms)
✔ concepts with a source-context chooser cannot be pre-filtered to generic records (0.5722ms)
✔ new admissions have complete required nutrients and preserve unknown fibre (2.6771ms)
✔ physical form and explicit serving support one amount handoff with no pack-derived units (14.0768ms)
✔ independent consumer brand and retailer presence remain separate throughout global hydration (228.2946ms)
✔ deferred candidates cannot gain a Wave 1B admission or bypass existing restrictions (0.6632ms)
✔ global index/shard hashes, canonical uniqueness and brand counts reconcile (1049.872ms)
✔ new evidence cannot override a material same-GTIN identity or formulation conflict (14.7136ms)
✔ Woolworths outputs regenerate byte-for-byte offline without replacing source evidence (5327.1476ms)
✔ the standalone Woolworths builder check resolves its adapter dependency without a circular-export failure (3634.5267ms)
✔ 39 distinct candidates obey all four ceilings and dispositions reconcile without fabricated admissions (5.7638ms)
✔ all retained Coles exclusions remain excluded with exact nutrition and serving facts (807.2203ms)
✔ all reviewed category moves preserve identity, nutrition, unknowns, serving and provenance (906.2095ms)
✔ shared product-head rules are retailer-neutral and reject compounds and ambiguous fragments (1.0395ms)
✔ Coles/Woolworths/Aldi counts, category deltas and every moved house identity reconcile (1444.7067ms)
✔ independent McCain discovery improves the existing global canonical record without ownership or nutrition substitution (367.8993ms)
✔ thin-family and second independent discovery holds never create substitute canonical identities (5.7288ms)
✔ accepted Woolworths vegetables and Campbell stock retain exact logged energy and missing fibre (456.1965ms)
✔ every changed global category has whole-product evidence and retains index/shard parity (1034.8551ms)
✔ protected OFF, restaurant, reference and deployment payloads remain byte-for-byte unchanged (1523.4033ms)
✔ all catalogue projections reproduce byte-for-byte and retain the complete evidence groups (23956.4156ms)
✔ 39 enrolled identities resolve uniquely and category moves are subsets of improvements (1.4636ms)
✔ 15 retained holds and four deferrals stay out of normal admission (312.9738ms)
✔ exact package GTINs complete existing identities without collapsing other milk or vegetable formulations (14.279ms)
✔ two package-evidenced Aldi trademarks enter house browse, independent Pepsi stays global (32.1381ms)
✔ unknown fibre, true printed zero, preparation and human measures survive a complete review flow (32.9342ms)
✔ shared fallback semantics handle product forms and reject ingredient/flavour/compound traps (0.6564ms)
✔ all three retailer totals and each cross-retailer category consequence reconcile (1244.7653ms)
✔ all moved existing products retain exact identity, nutrients, measures and ownership (7917.5935ms)
✔ new exact brand products are globally reachable and every index entry matches its shard (1133.0036ms)
✔ all protected source payloads are unchanged (899.2259ms)
✔ all Coles source rows reproduce from pinned, attributable OFF bytes without changing the protected layer (2569.4319ms)
✔ reviewed collection directory is lazy, paged and excludes restricted rows (395.2271ms)
✔ guided Coles bread uses evidenced house families and separately retained retailer or collection relationships (258.4294ms)
✔ synthetic national-brand, missing-pin, foreign-source and wrong-record claims cannot enter the collection (189.261ms)
✔ compatible same-GTIN OFF hydration retains one identity and the separate collection provenance (167.5019ms)
✔ synthetic compatible cross-retailer evidence keeps memberships separate and never manufactures Coles listing evidence (162.2696ms)
✔ synthetic same-GTIN brand/pack/form conflicts remain blocked after re-canonicalisation (183.2546ms)
✔ missing and conflicting real nutrition remains restricted; unknown optional nutrients stay unknown (160.3949ms)
✔ source natural bread slices and mL drink amounts retain one confirmation and unchanged nutrition (159.8088ms)
✔ late Coles requests cannot replace Woolworths or generic query ownership (336.1432ms)
✔ changed hydrated collection evidence fails closed and cannot silently admit a different source (356.6082ms)
✔ generic intent and existing OFF identifiers remain unchanged (212.0081ms)
✔ base bread asks origin, then supported bread types (124.2033ms)
✔ compound bread identities cannot compete with ordinary bread (1.0476ms)
✔ whole meal spelling and supplied white/wholemeal facets agree (12.3272ms)
✔ quantity, food identity and supplied bread type remain separate (0.9499ms)
✔ milk source is unresolved before cow, oat and other source choices (4.5194ms)
✔ milk compounds are excluded while genuine chocolate flavoured milk remains fluid milk (2.3355ms)
✔ plant source queries never acquire cow fat/lactose questions (6.1632ms)
✔ cow source and milk fat/lactose intent are preserved independently (2.663ms)
✔ AFCD ingredient qualifiers cannot replace an egg or bread head concept (0.708ms)
✔ plain cereal, cheese, chicken, apple and rice exclude containing foods (0.7572ms)
✔ specific confectionery and condiment categories outrank ingredient-like product names (0.8764ms)
✔ edited identity metadata invalidates classification and facet caches (0.4598ms)
✔ fresh apple is distinct from dried apple and whole eggs never acquire poultry measures (22.6243ms)
✔ hash-brown identity supports plural and spacing without admitting composed dishes (0.7106ms)
✔ chips asks food class before preparation and distinguishes fries from crisps (4.3098ms)
✔ declared restaurant identities survive an unrelated same-title incomplete record (99.94ms)
✔ exact product semantics beat a longer variant independently of product names and scores (5.4321ms)
✔ restaurant aliases and explicit counts retain distinct shared intent (88.0424ms)
✔ natural measure utility prioritises slices and fluid volumes without restoring rejected units (4.8687ms)
✔ thin/thick spread cannot acquire invented conversions (2.2626ms)
✔ submitted generic diagnostics separate related concepts from equivalent identities (6.2607ms)
✔ bare family aliases do not pre-answer catch-all subtype facets (4.7163ms)
✔ yoghurt cannot inherit the nut ingredient standard serve (1.4278ms)
✔ non-adjacent chocolate egg names are confectionery (0.2765ms)
✔ brand and subtype inference separates bread from wraps using committed category evidence (1.2644ms)
✔ catalogue discovery expands declared alias inflections before concept filtering (1.7488ms)
✔ egg preparation preserves named methods and skips supplied cooking information (7.4347ms)
✔ current official snapshot has explicit source authority, freshness and reproducible hash (3.3766ms)
✔ protected 144 rows retain 126 identities and the reviewed supplement adds 22 across the same categories (2.0387ms)
✔ quality states are conservative and every active identity is reachable without duplicate results (0.9001ms)
✔ official kJ is retained and displayed kcal is explicitly derived without invented macros (0.6065ms)
✔ current component values win disclosed conflicts and standard burger extras stay optional (0.5337ms)
✔ shared editor variants add known official extras and block unknown-extra energy (5.2492ms)
✔ central semantics preserve burger, count, size, component and configurable identities (9.8468ms)
✔ source-only aliases, exact KFC intent and data-driven family choices use the shared resolver (169.24ms)
✔ shared voice quantity semantics select counted identity once and scale natural servings correctly (28.9223ms)
✔ Diary snapshot keeps KFC identity, source priority and nutrition derivation immutable (1.2044ms)
✔ integrity, offline loading, legacy removal, responsive hub and refresh tooling contracts are present (163.6819ms)
✔ KFC and unrelated generic ranking stay lightweight at current scale (1361.0493ms)
✔ source identity, official references, refresh metadata and Founder-Trial licensing are explicit (1.7792ms)
✔ complete current catalogue has the reviewed 167-family classification and 211 runtime records (0.5748ms)
✔ all 17 official category surfaces and overlapping memberships are retained (1.4326ms)
✔ official per-serving and per-100 facts retain all published fields without inventing fibre or weight (0.9087ms)
✔ the 17 incomplete products are searchable but cannot enter Diary and contain no estimated energy (24.1417ms)
✔ eight configurable bundles use a future component-assembly model and never a fixed value (0.7396ms)
✔ McCafé families resolve to complete size children while incomplete families remain details-only (0.9523ms)
✔ Iced Chai defective source links are recorded and are not converted to latte size records (0.3906ms)
✔ promotional and explicitly limited-time classifications match the reviewed official surfaces (0.3353ms)
✔ source, punctuation and product aliases use the shared exact-first resolver (20.8754ms)
✔ every record uses its central semantic serving and none defaults to 1 g (5.011ms)
✔ official fries sizes keep distinct servings and January 2026 source-backed nutrition (0.4569ms)
✔ Diary snapshots preserve catalogue facts, variant identity and non-production licensing immutably (1.5647ms)
✔ refresh reconciliation retires removals and versions nutrition/detail changes without deletion (173.6632ms)
✔ current resolver excludes retired records while historical snapshots remain usable (20.0449ms)
✔ source catalogue uses the common resolver and all runtime dependencies are offline-cached in order (6.0667ms)
✔ AFCD, My Foods, Recent and recipes retain their established central paths (4.3958ms)
✔ published source anomalies remain verbatim facts rather than silent corrections (0.2703ms)
✔ official provenance is factual verification and never implies production reuse permission (0.3897ms)
✔ program integrity report returns the reviewed totals with zero errors (21.2069ms)
✔ UI contract keeps blocked products details-only and displays exact reasons and licensing (3.7948ms)
✔ 1. Flora uses trusted current Australian candidates as active tier one (149.756ms)
✔ 2. Becel Classic is excluded from Flora active candidates (1.5796ms)
✔ 3. generic Butter is excluded from Flora active candidates (0.7697ms)
✔ 4. foreign-language Flora is excluded while trusted Australian products exist (0.6148ms)
✔ 5. a brand-level Flora reference is excluded from exact choices (0.7752ms)
✔ 6. broader exact-brand products remain separate from active choices (1.5664ms)
✔ 7. company/source alias evidence is not consumer-brand membership (0.2633ms)
✔ 8. plain Flora orders the simpler exact identity first (0.621ms)
✔ 9. Flora ProActiv query evidence narrows to ProActiv (12.9003ms)
✔ 10. Flora ProActiv Light resolves exact immediately (9.6521ms)
✔ 11. actual rendered Flora Light control follows the delegated click path (9.642ms)
✔ 12. actual rendered Flora ProActiv Light control follows the delegated click path (5.4319ms)
✔ 13. rendered click works in focused mobile mode (5.0089ms)
✔ 14. rendered click works with the keyboard dismissed (3.7878ms)
✔ 15. stale choice IDs are rejected without changing the guide (2.6987ms)
✔ 16. guided choices are genuine type button controls (2.6835ms)
✔ 17. unresolved guide suppresses the floating global action (3.2745ms)
✔ 18. exact product is reached after a rendered tap (4.0633ms)
✔ 19. serving UI is absent before exact product and present after tap (4.6425ms)
✔ 20. rendered selection preserves destination date and meal (4.2411ms)
✔ 21. rendered Back returns from exact product to brand choices (8.3618ms)
✔ 22. changing product after Back clears downstream serving state (8.2371ms)
✔ 23. an active session candidate snapshot does not absorb later catalogue arrivals (3.0052ms)
✔ 24. rendered grams control accepts amount 5 through the selected-surface event path (6.4165ms)
✔ 25. rendered 5 g flow calculates about 18.5 Cal and hands directly to final Review (6.0215ms)
✔ 26. one manufacturer serve calculates 37 Cal and hands directly to final Review (6.1875ms)
✔ 27. nutrition reference does not preselect consumption amount (1.7476ms)
✔ 28. exact Flora ProActiv Light skips the brand stage (1.4833ms)
✔ 29. product filtering now retains a selected canonical product (1.8554ms)
✔ 30. an invalid engine answer cannot enter the answer history (0.8239ms)
✔ 31. manageable synthetic families present concrete products (1.487ms)
✔ 32. curated data contains the two current canonical Flora records (1.5232ms)
✔ 33. the repair contains no Flora-specific resolver branch (1.4388ms)
✔ 34. touch controls remain at least 48 px with manipulation semantics (0.3545ms)
✔ 35. nested arrow decoration cannot steal pointer targeting (0.3093ms)
✔ 36. compact mode retains one-column bounded choices (0.2969ms)
✔ 37. 390x844 keyboard model remains compact and usable (1.1664ms)
✔ 38. 390x520 dismissed keyboard model restores full mode (1.0114ms)
✔ 39. 430x932 reduced viewport follows the existing compact policy (0.7383ms)
✔ 40. the central handler rerenders exactly once after a valid product choice (0.5836ms)
✔ 41. actual 30-member Flora renders meaningful products and separates incomplete identities before review (21.5997ms)
✔ 42. actual Meadow Lea renders products without a mandatory taxonomy detour (3.637ms)
✔ 43. Meadow, Meadow le and Meadow lea keep product-list-first rendered state (16.356ms)
✔ 44. production controller carries generic Margarine teaspoon state directly into final Review (22.8209ms)
✔ 45. locked generic identity freezes the rendered surface against later arrivals (13.9171ms)
✔ 46. production controller renders generic Milk without a branded detour (45.7603ms)
✔ 47. production controller renders sliced Bread and its trusted regular-slice measure (21.5921ms)
✔ 1. brand-family query is not an exact product (14.9398ms)
✔ 2. exact product query resolves one canonical identity (30.686ms)
✔ 3. manageable candidate sets present concrete products (4.1721ms)
✔ 4. known family words narrow the direct product list (3.3875ms)
✔ 5. choosing one canonical product reaches serving measure (7.1907ms)
✔ 6. back recomputes and permits a different concrete product (7.3192ms)
✔ 7. Flora enters family resolution (2.3888ms)
✔ 8. Flora does not preselect 10 g (2.1246ms)
✔ 9. Flora does not preselect 5 g (2.5719ms)
✔ 10. generic Flora reference is not an exact consumable food (2.3469ms)
✔ 11. Flora ProActiv narrows without an unnecessary question (3.6223ms)
✔ 12. Flora ProActiv Light becomes one exact product (2.1496ms)
✔ 13. exact Flora then exposes serving stage (2.3681ms)
✔ 14. serving stage is separate from product results (2.5179ms)
✔ 15. 5 g can be chosen after exact identity (5.7044ms)
✔ 16. 10 g serving can be chosen after exact identity (3.7288ms)
✔ 17. Flora nutrition scales correctly (5.0552ms)
✔ 18. explicit Flora ProActiv Light 5 g skips resolved stages (4.4028ms)
✔ 19. one exact product does not appear once per serving basis (1.7788ms)
✔ 20. conflicting source nutrition stays attached for review without duplicate identity rows (0.6642ms)
✔ 21. Big Mac exact product bypasses grocery narrowing (5.1663ms)
✔ 22. two Big Macs preserves quantity two (4.6219ms)
✔ 23. McDonald’s fries presents the concrete size products directly (6.1103ms)
✔ 24. Large Macca’s Fries does not ask size again (4.8456ms)
✔ 25. MeadowLea-like family presents real products first (1.4114ms)
✔ 26. milk-like family selects a named product before serving (7.0746ms)
✔ 27. cereal-like family selects a named product and skips its sole measure (3.5044ms)
✔ 28. peanut-butter-like family presents named products (1.6768ms)
✔ 29. bread resolves a named identity before slice amount (2.7981ms)
✔ 30. yoghurt resolves a named identity before tub or grams (1.9366ms)
✔ 31. pack size is identity metadata and never automatic consumption (3.9146ms)
✔ 32. nutrition reference serving is not automatic user amount (2.0991ms)
✔ 33. measure stage occurs only after exact identity (4.5509ms)
✔ 34. amount occurs after measure (2.9668ms)
✔ 35. invalid household measures are not offered (1.3641ms)
✔ 36. grams or mL fallback works only from a defensible per-100 basis (2.2823ms)
✔ 37. exact product plus quantity and destination reaches confirmation (2.5883ms)
✔ 38. brand-only voice-equivalent request enters guided resolution (1.1214ms)
✔ 39. brand exact variant and measure skips answered questions through the shared voice hook (3.152ms)
✔ 40. Bunnings does not regain Vegetable Serve (2.2631ms)
✔ 41. Chiko remains deduplicated (0.5825ms)
✔ 42. Hotcakes remains complete meal ahead of syrup (0.368ms)
✔ 43. generic Fries remains a 100 g reference (3.963ms)
✔ 44. Flora ProActiv Light nutrition remains 37 Cal per 10 g serve (3.4574ms)
✔ 45. architecture audit separates all five required concepts (2.9229ms)
✔ 46. module loads before alpha and is cached offline (2.1749ms)
✔ 47. UI presents identity, measure and amount before one final Review editor (2.6642ms)
✔ 48. responsive guided choices remain bounded at required mobile widths (0.9729ms)
✔ 49. guided UI exposes Back and Cancel without a trapped modal (1.5761ms)
✔ 50. scalability brands exist only in fixtures, not production resolution code (1.1162ms)
✔ Hungry Jack's exact identity, portion and Review: Hash Brown (57.5117ms)
✔ Hungry Jack's exact identity, portion and Review: Toastie Ham Cheese (13.8536ms)
✔ Hungry Jack's exact identity, portion and Review: Whopper (37.5162ms)
✔ Hungry Jack's exact identity, portion and Review: Whopper Double (10.0587ms)
✔ Hungry Jack's exact identity, portion and Review: Chicken Royale (11.6682ms)
✔ Hungry Jack's exact identity, portion and Review: JFC Saucy Tender Smoky Chipotle 3 x Pack (9.4415ms)
✔ Hungry Jack's exact identity, portion and Review: JFC Saucy Tender Smoky Chipotle 5 x Pack (8.7833ms)
✔ Hungry Jack's exact identity, portion and Review: Nugget 3 Pack (12.7085ms)
✔ Hungry Jack's exact identity, portion and Review: Nugget 6 Pack (17.2771ms)
✔ Hungry Jack's exact identity, portion and Review: Nugget 12 Pack (11.0102ms)
✔ Hungry Jack's exact identity, portion and Review: Chips Small (9.6529ms)
✔ Hungry Jack's exact identity, portion and Review: Chips Medium (8.085ms)
✔ Hungry Jack's exact identity, portion and Review: Chips Large (6.5824ms)
✔ Hungry Jack's exact identity, portion and Review: Biscoff Storm (8.1885ms)
✔ Hungry Jack's exact identity, portion and Review: Biscoff Shake Small (8.0509ms)
✔ the complete Hungry Jack’s catalogue satisfies the shared source and eligibility audit (970.9431ms)
✔ both restaurant spellings own the source and exact Whopper precedes longer variants (83.0981ms)
✔ count and size families remain neutral until a specific variant is supplied (18.1373ms)
✔ conflicting pages and incomplete products cannot progress to ordinary logging (7.4859ms)
✔ configurable meals retain their separate identities without a fabricated default order (1.1177ms)
✔ unclear PDF glyphs remain Details Only and old extraction stays available for history (12.0291ms)
✔ source category concepts generalise to unrelated restaurant names without accepting community claims (0.9866ms)
✔ embedded package counts never become consumed orders in an unrelated source (3.1168ms)
✔ one-to-one description repairs preserve IDs and split count variants cannot reuse the ambiguous identity (1.5918ms)
✔ raw tables retain wrapped product counts, blank top-product values and publication evidence (1.1902ms)
✔ Hungry Jack’s rendered mobile matrix reaches one Review and synthetic Diary (109057.4678ms)
✔ historical storage address for Acorn is ASCII and identity remains exact (4.7233ms)
✔ historical storage address for Ácorn is ASCII and identity remains exact (1.405ms)
✔ historical storage address for Eclair is ASCII and identity remains exact (1.3563ms)
✔ historical storage address for Éclair is ASCII and identity remains exact (1.1376ms)
✔ historical storage address for Cote is ASCII and identity remains exact (1.4309ms)
✔ historical storage address for Côte is ASCII and identity remains exact (1.7801ms)
✔ NFC/NFD input shares only the explicitly identified source entry (2.1295ms)
✔ Burgen approved storage addresses preserve family retrieval and fresh query ownership (2.5709ms)
✔ Häagen-Dazs approved storage addresses preserve family retrieval and fresh query ownership (1.323ms)
✔ shorter accented prefixes use historical ASCII addresses without authorizing an alias (1.9329ms)
✔ a minimal single-product brand supports exact lookup without inventing a broader prefix match (2.4523ms)
✔ unlisted intelligence prefix is an empty lookup without an asset request (1.3079ms)
✔ listed required intelligence shard failure propagates instead of becoming no matches (3.2201ms)
✔ routing classification keeps required assets strict and optional misses narrowly bounded (0.6336ms)
✔ a locally generated required-asset 502 is fatal but is not live fallthrough (4.5789ms)
✔ successful local responses satisfy strict accounting (3.7361ms)
✔ optional local 404 is counted separately and handled by production as an empty posting lookup (4.3137ms)
✔ an unhandled response or service-worker response remains fatal live fallthrough (0.6972ms)
✔ live ordinary candidates are alphabetic after dedupe and before either candidate/display truncation (23.301ms)
✔ ordinary ordering ignores source insertion, length scores, usage and popularity (7.3937ms)
✔ Ban and Bac narrow the existing legitimate prefix candidates (2.7524ms)
✔ general rule preserves alias matching and normalized visible duplicates (2.1401ms)
✔ entity treatment and default non-live ranking remain independent (3.7757ms)
✔ approved brand spellings and distinct unapproved identities are preserved (1.0188ms)
Live prefix evidence: C:\Users\mlwes\AppData\Local\Temp\hec-live-prefix-SvvyTt
✔ alphabetical live phone flow, query ownership and accepted product guards (31660.8546ms)
✔ approved historical compatibility preserves NFC/NFD, unaccented and hyphen queries (17.3634ms)
✔ verified alias metadata authorizes widening independently of index compatibility (5.6658ms)
✔ unapproved same-folded diacritic brands remain separate in brand and exact product retrieval (4.6633ms)
✔ unapproved exact accented spelling can address its own historical shard without enabling an unaccented alias (4.047ms)
✔ approved alias pagination preserves distinct records and GTINs (2.6999ms)
✔ evidence lookup and successful historical shard access are cached (1.5945ms)
✔ switching approved and unapproved brands never reuses prior family members (3.3547ms)
✔ same-folded unrelated brand names do not bypass canonical membership or the complete-name collision guard (37.7038ms)
✔ real approved family retains all eight protected GTINs and exact source spellings (1423.9896ms)
✔ protected apostrophe and historical-index products remain reachable through shared matching (2167.5501ms)
✔ 1. complete Australian source subset meets production scale (9670.6204ms)
✔ 2. complete global source was scanned (0.3339ms)
✔ 3. source IDs are stable off barcode identities (23.279ms)
✔ 4. no duplicate same-source barcode records exist (35.3152ms)
✔ 5. every record retains source provenance (8.1642ms)
✔ 6. explicit Australian country scope is preserved (8.1755ms)
✔ 7. completeness classifications are exhaustive (0.3011ms)
✔ 8. exact barcode lookup resolves the source product (0.3945ms)
✔ 9. exact brand lookup exposes the measured brand universe (41.3848ms)
✔ 10. brand spacing normalization is generic (1.5592ms)
✔ 11. product-name tokens retrieve real products (0.805ms)
✔ 12. brand plus product finds a real exact identity (0.7474ms)
✔ 13. generic terms retain thousands-scale results while adding category members (17.6525ms)
✔ 14. serving sizes never create duplicate product IDs (72.8524ms)
✔ 15. generated active records contain no non-Australian country-only row (7.0027ms)
✔ 16. company/source text cannot create consumer-brand membership (0.5943ms)
✔ 17. real imported Flora member count is measured (0.1476ms)
✔ 18. every eligible Flora member is accessible (7.1313ms)
✔ 19. safe cross-source barcode duplicates consolidate only in federation (7.9802ms)
✔ 20. Flora serving is absent before exact identity (13.6069ms)
✔ 21. real Meadow Lea member count is measured (0.22ms)
✔ 22. MeadowLea and Meadow Lea resolve identically (0.192ms)
✔ 23. deterministic retrieval audit samples 1000 real products (0.1132ms)
✔ 24. strong identity top-10 retrieval exceeds 98 percent (0.1909ms)
✔ 25. deterministic brand completeness audit samples 100 brands (0.2174ms)
✔ 26. all audited brand members remain accessible without contamination (6866.7513ms)
✔ 27. retail package size is identity metadata, not selected consumption (2.4738ms)
✔ 28. nutrition basis does not become selected amount (12.1766ms)
✔ 29. multi-product identity precedes serving (11.6232ms)
✔ 30. incomplete products never receive invented calories (1.0211ms)
✔ 31. full catalogue is not loaded or precached at startup (1.3322ms)
✔ 32. product and search shards are loaded on demand (1.2084ms)
✔ 33. runtime catalogue caching uses the active installation cache (0.6257ms)
✔ 34. catalogue caching introduces no My Data cache name (0.5603ms)
✔ 35. Big Mac authoritative catalogue remains present (1.3509ms)
✔ 36. McDonald’s sized Fries remain present (0.7584ms)
✔ 37. Hotcakes complete-meal contract remains present (1.7302ms)
✔ 38. Bunnings natural-item correction remains present (9.4195ms)
✔ 39. Chiko canonical duplicate protection remains present (0.9733ms)
✔ 40. generic Fries AFCD resolution remains present (2.0129ms)
✔ 41. focused mobile search remains bounded and paginated (7.535ms)
✔ 42. Weight foundation is untouched and still loaded (1.6608ms)
✔ real catalogue identity outranks broad beverage ancestry (37.6072ms)
✔ raw solid mL is quarantined at the final profile and resolved-food boundary (4.2172ms)
✔ raw solid L is quarantined at the final profile and resolved-food boundary (2.1088ms)
✔ raw solid cup is quarantined at the final profile and resolved-food boundary (2.2596ms)
✔ package volume and unsuitable source units cannot redefine a named solid (8.0157ms)
✔ genuine per-100-mL solid conflict is not relabelled or scaled as grams (4.6861ms)
✔ valid gram nutrition survives an incompatible source serving (2.4261ms)
✔ volume aliases are validated by user-facing family, not a countable default (2.7093ms)
✔ guided Review cannot reintroduce quarantined units (18.6043ms)
✔ voice and typed measure resolution rejects solid volume and accepts supported grams (1.8376ms)
✔ liquid identity preserves volumes and rejects unrelated solid item units (5.8646ms)
✔ spreads preserve validated household-to-gram measures without becoming liquid (4.6553ms)
✔ sliced food preserves source slice and grams (2.2356ms)
✔ official restaurant item preserves its natural unit (102.3321ms)
✔ unknown identity with only volume metadata has a conservative completion state (6.4219ms)
✔ specific short-plural food categories outrank beverage flavour words (3.0269ms)
✔ specific liquid categories retain milk despite chocolate flavour metadata (1.9078ms)
✔ powdered milk remains solid despite liquid ancestry (0.3994ms)
✔ explicit source mL denominator is preserved before semantic normalization (0.8356ms)
✔ trusted density conversion supports grams without exposing volume for a solid (0.9961ms)
✔ late carried candidates and legacy allowed lists cross the same firewall (0.763ms)
✔ consumedPortion rejects a quarantined carried measure when food is supplied (0.6433ms)
✔ legacy inferred catalogue form cannot override solid identity (1.1846ms)
✔ explicit source slice counts on a countable product keep their gram conversion (2.0241ms)
✔ real McCain product is safe through production search and rendered Portion Choice (15518.4754ms)
✔ A. generic Margarine persists one teaspoon as exactly 5 g (91.6335ms)
✔ B. generic Margarine persists an arbitrary 7 g amount (31.1835ms)
✔ C. Flora spread persists one teaspoon without reverting to its 10 g serve (9.6936ms)
✔ D. explicit manufacturer serve persists one by 10 g (3.4557ms)
✔ E. generic milk persists 250 mL (57.9994ms)
✔ F. generic milk persists one metric cup as 250 mL (44.069ms)
✔ G. wholemeal bread persists one regular slice as 40 g (48.041ms)
✔ H. countable food persists two biscuits as 30 g (4.9699ms)
✔ final Review amount edits update the same consumed-portion contract (28.2554ms)
✔ final Review measure edits update the contract without selecting a reference-basis default (26.5365ms)
✔ production editor scales Review nutrition from the consumed contract and persists it twice (1.329ms)
✔ AUSNUT spread profile: generic margarine (2.528ms)
✔ AUSNUT spread profile: Flora (1.1312ms)
✔ AUSNUT spread profile: Meadow Lea (1.3095ms)
✔ AUSNUT spread profile: Bega almond (1.3364ms)
✔ AUSNUT spread profile: peanut butter (1.2486ms)
✔ AUSNUT spread profile: yeast spread (1.1435ms)
✔ spread packet weights remain product-specific (2.5604ms)
✔ AUSNUT source metadata and disabled thickness gap are machine-auditable (0.4374ms)
✔ declared consumer family retains a manufacturer product without moving other manufacturer products (33.8249ms)
✔ approved Nescafe spellings retrieve the same protected GTINs on cold and loaded lookups (417.2577ms)
✔ a loggable flavour superset cannot become the best identity of a less specific brand query (31.5534ms)
✔ Strong identity and raw conflicting nutrition remain distinct, blocked, and on a dry reference (121.4815ms)
✔ specific instant preparation metadata outranks drink ancestry without changing prepared drinks (1.4898ms)
Post-KFC rendered evidence: C:\Users\mlwes\AppData\Local\Temp\hec-post-kfc-F6mgvG
✔ reported paths survive real phone controls through source browse, product choice and Review (100699.404ms)
✔ complete stored brand plus product survives a longer inferred brand consuming product words (51.2501ms)
✔ longer-prefix exception does not license partial, alias-only, wrong-brand or missing-word queries (4.0496ms)
✔ unregistered text fallback does not claim registered brand identity (0.863ms)
✔ complete product names survive an inferred indexed-brand prefix collision (9.0232ms)
✔ partial names, aliases and explicit brand qualifiers cannot cross brand boundaries (3.139ms)
✔ exact-name matching preserves retired, legacy and nutrition eligibility restrictions (2.093ms)
✔ explicit runtime lookup preserves possessive brand spelling after quantity removal (477.2907ms)
✔ real Arnott’s and Kellogg’s products retain possessive identity and separate quantity through the complete controller (1314.2018ms)
✔ semantic source order prefers explicit metadata before source metadata and inference (2.0977ms)
✔ representative records cover all eight reusable semantic roles (0.4344ms)
✔ serving policy retains natural, count, size, package and 100 g reference semantics (0.7867ms)
✔ Hotcakes is a complete source-backed meal and never a condiment serving (0.4626ms)
✔ Hotcakes and hot cakes rank the complete item first while explicit syrup intent ranks the component first (98.1305ms)
✔ parent/component ranking is general rather than a Hotcakes-only rule (0.7905ms)
✔ semantic validation rejects unsafe meal, package, natural-item and configurable combinations (0.5749ms)
✔ the deterministic McDonald’s audit covers all 211 records with no unresolved conflict (21.4287ms)
✔ counted and configurable records remain nutritionally safe (23.0195ms)
✔ exact and close mobile result names use three-line and two-line wrapping contracts (5.811ms)
✔ focused search layout leaves the first result usable at 390x844 and 390x520 (6.2039ms)
✔ incremental product ranking converges without changing the editable search field (165.3643ms)
✔ existing representative food behavior remains intact (24.4402ms)
✔ the semantic module is loaded once before catalogue imports and cached offline (3.7945ms)
✔ 1. generic concept initialized (71.6588ms)
✔ 2. brand product initialized (4.2554ms)
✔ 3. known attributes populated (30.6904ms)
✔ 4. unresolved attributes identified (27.2642ms)
✔ 5. milk source remains unresolved across supported source types (52.4066ms)
✔ 6. best next question selected (22.8498ms)
✔ 7. answer narrows state (24.0635ms)
✔ 8. exact generic identity reached (43.8653ms)
✔ 9. exact branded identity reached (11.5981ms)
✔ 10. Back clears invalid downstream state (31.0118ms)
✔ 11. generic margarine enters progressive flow (20.7527ms)
✔ 12. real supported margarine attributes are asked (2.1038ms)
✔ 13. unsupported margarine attributes are not invented (0.4556ms)
✔ 14. final generic nutritional identity achieved (23.4472ms)
✔ 15. generic margarine requires no brand (29.6814ms)
✔ 16. serving appears only after identity (41.5416ms)
✔ 17. amount appears only after serving (31.4727ms)
✔ 18. Flora recognizes brand intent (1.1602ms)
✔ 19. exact product metadata skips generic attributes (4.8643ms)
✔ 20. ProActive family shell does not wrongly become exact (0.4018ms)
✔ 21. exact selection locks search state (1.7566ms)
✔ 22. delayed online response is gated from locked flow (0.3827ms)
✔ 23. grams remain available (30.723ms)
✔ 24. trusted teaspoon remains available (22.4047ms)
✔ 25. manufacturer serving remains explicit (0.8534ms)
✔ 26. only validated spread presets are enabled (26.341ms)
✔ 27. arbitrary gram amount is supported (25.7381ms)
✔ 28. fractional household amount is supported (28.5236ms)
✔ 29. package size is not consumption (5.1591ms)
✔ 30. nutrition basis is not consumption (1.6056ms)
✔ 31. generic milk uses progressive resolution (48.3142ms)
✔ 32. exact generic milk identity is reached (43.828ms)
✔ 33. generic milk offers mL (46.9773ms)
✔ 34. generic milk offers a 250 mL cup (45.2167ms)
✔ 35. generic milk accepts arbitrary mL (49.6469ms)
✔ 36. sliced generic bread reaches an exact identity (35.8414ms)
✔ 37. sliced generic bread has a trusted natural unit (29.9032ms)
✔ 38. sliced generic bread accepts an amount (32.2604ms)
✔ 39. fully specified brand product and measure skip questions (4.1246ms)
✔ 40. partially specified generic food retains answered attributes (17.5867ms)
✔ 41. voice and typed requests share the same exported engine (0.5224ms)
✔ 42. incomplete nutrition is classified before portion entry (3.4852ms)
✔ 43. missing nutrition cannot become a false-zero logging flow (2.7725ms)
✔ 44. kcal and kJ scale consistently (2.9467ms)
✔ 45. weak exact product is rejected (0.2907ms)
✔ 46. selected identity hides live and online result surfaces (0.5591ms)
✔ 47. active workflow renders one exact card surface (0.5673ms)
✔ 48. Back restores the previous search state (1.9278ms)
✔ 49. stale async work is ignored after selection lock (0.3177ms)
✔ 50. online append cannot alter active portion flow (0.5189ms)
✔ 51. generic audit covers at least 50 AFCD concepts without stuck states (203.8299ms)
✔ 52. brand inheritance audit covers 100 real Australian products (1056.4609ms)
✔ 53. portion audit records spread evidence gap and six forms (4.5916ms)
✔ 54. resolution benchmark executes bounded candidate steps (1213.2813ms)
✔ 55. portion policy documents provenance and metric fallback (0.3262ms)
✔ 56. selected generic identity preserves Diary destination (34.1435ms)
✔ 57. generic route never substitutes a branded online product (25.2758ms)
✔ 58. floating add is hidden throughout progressive resolution (0.4299ms)
✔ 59. locked flow remains horizontally bounded (0.4078ms)
✔ 60. architecture preserves version 0.6.33 (0.2914ms)
✔ P01 central vocabulary exposes stable IDs (5.1526ms)
✔ P02 aliases normalize through one engine (0.4247ms)
✔ P03 spread physical form is recognized (26.7327ms)
✔ P04 liquid physical form is recognized (8.9752ms)
✔ P05 sliced physical form is recognized (3.97ms)
✔ P06 countable physical form is recognized (1.6882ms)
✔ P07 spread profile includes grams (2.551ms)
✔ P08 unvalidated spread receives no invented teaspoon or tablespoon (4.5879ms)
✔ P08b explicit reviewed fixture evidence supplies its own teaspoon (3.0919ms)
✔ P09 spread profile includes manufacturer serving additively (2.0221ms)
✔ P10 spread profile excludes volume measures (1.7563ms)
✔ P11 unvalidated spread thickness remains unavailable (1.1635ms)
✔ P12 liquid profile includes mL (2.4958ms)
✔ P13 liquid profile includes a metric cup (2.2003ms)
✔ P14 liquid profile includes litres (1.8335ms)
✔ P15 liquid profile excludes spread teaspoon (1.6061ms)
✔ P16 sliced profile retains a source slice (1.6476ms)
✔ P17 countable profile retains a source biscuit (1.2852ms)
✔ P18 every choice carries conversion and provenance (1.1237ms)
✔ P19 manufacturer serve has a readable label (1.2592ms)
✔ P20 singular review label is grammatical (2.0417ms)
✔ P21 plural review label is grammatical (2.8189ms)
✔ P22 decimal review label is clean (4.8748ms)
✔ P23 zero amount is rejected (1.8711ms)
✔ P24 negative amount is rejected (1.4952ms)
✔ P25 positive decimal amount is accepted (0.8398ms)
✔ P26 fraction parsing shares stable measure IDs (8.7376ms)
✔ P27 measure always precedes amount (21.3135ms)
✔ P28 amount starts blank in state and markup (4.5615ms)
✔ P29 amount selection reaches confirmation (4.983ms)
✔ P30 edit amount preserves identity and measure (8.1934ms)
✔ P31 edit measure clears only downstream state (4.1783ms)
✔ P32 cancel clears active downstream state (3.9171ms)
✔ P33 compact answer history is rendered and wraps without clipping (1.7216ms)
✔ P34 choice auto-advance has no identity Continue gate (1.8512ms)
✔ P35 active-card positioning is transition-scoped (1.4661ms)
✔ P36 responsive controls stay bounded and tappable (0.8138ms)
✔ P37 policy marks thickness values NOT YET VALIDATED (0.2395ms)
✔ P38 vocabulary audit is complete and human readable (0.868ms)
✔ P39 200-product audit meets required mix (55173.4328ms)
✔ P40 200-product audit yields safe source-backed profiles (0.5474ms)
✔ P41 20 unmentioned foods generalize safely (56469.0986ms)
✔ P42 deterministic generalization spans 100 shards (307.5004ms)
✔ P43 deterministic generalization has no nonsense failures (0.2522ms)
✔ P44 portion benchmark executes 500 central profiles (1310.7249ms)
✔ P45 no production brand-specific portion branch exists (1.2835ms)
✔ P46 architecture stays on Alpha 0.6.33 (0.2683ms)
✔ exact query ownership retires Cote for Côte (18.6232ms)
✔ exact query ownership retires Côte for Cote (1.5028ms)
✔ exact query ownership retires resume for résumé (1.3504ms)
✔ exact query ownership retires résumé for resume (1.0386ms)
✔ exact query ownership retires Burgen for Bürgen (1.4592ms)
✔ exact query ownership retires Häagen-Dazs for Haagen-Dazs (1.8325ms)
✔ exact query ownership retires Milk for milk (3.3864ms)
✔ exact query ownership retires milk for milk  (0.6828ms)
✔ exact query ownership retires Bürgen for Bürgen (1.0395ms)
✔ returning to an earlier exact spelling cannot revive its old ticket (1.0355ms)
✔ approved retrieval equivalence never defines input identity (0.3894ms)
✔ production brand cache and late hydration stay owned across Cote → Côte (49.4728ms)
✔ production brand cache and late hydration stay owned across Côte → Cote (13.5702ms)
✔ production brand cache and late hydration stay owned across resume → résumé (10.4424ms)
✔ production brand cache and late hydration stay owned across résumé → resume (6.4578ms)
✔ production brand cache and late hydration stay owned across Burgen → Bürgen (5.1005ms)
✔ production brand cache and late hydration stay owned across Häagen-Dazs → Haagen-Dazs (6.3009ms)
✔ currentness checks require exact input even if a caller supplies the current revision (3.9797ms)
✔ production OFF await rejects a late response after an exact-input edit (5.8518ms)
✔ production delayed preview cannot revive a retired query (4.6023ms)
✔ production explicit-product hydration ignores a retired owner even with the same local request token (7.3242ms)
✔ production guided-source hydration rejects a retired central owner (4.2101ms)
✔ generated shell and worker exactly match the canonical content generation (171.2865ms)
✔ same visible version with changed controller produces a new shared generation (149.0084ms)
✔ complete dependency inventory includes bootstrap configuration and both deployment variants (2.9449ms)
✔ my-data installs verified core before skipWaiting and exposes safe readiness (193.6619ms)
✔ test installs verified core before skipWaiting and exposes safe readiness (119.6491ms)
✔ required core 404 rejects installation and keeps incomplete staging unreadable for retry (129.7635ms)
✔ required core wrong-bytes rejects installation and keeps incomplete staging unreadable for retry (112.1089ms)
✔ slow required dependency does not publish readiness or skipWaiting early (127.9463ms)
✔ optional artwork failure is outside atomic core readiness (115.9517ms)
✔ navigation and versioned core remain cached and coherent while offline (109.2772ms)
✔ missing generation and unknown generation cannot fall back to old core or HTML (84.9535ms)
✔ unversioned core data consumers receive the verified current data, not a network revalidation (94.5676ms)
✔ activation retains previous caches until every live client reports current readiness (97.6034ms)
✔ same-path cached assets cannot cross a generation boundary (94.2153ms)
✔ bootstrap owns update lifecycle and leaves personal storage contracts untouched (2.7271ms)
✔ legacy client-ready pruning during install cannot publish a detached new core cache (6124.1432ms)
✔ late client readiness cannot delete a future generation staged after installation (104.4021ms)
✔ core readiness precedes lazy data cache; a missing required entry invalidates a surviving marker (145.5964ms)
✔ activation repairs completion lost after install before claiming clients (175.1212ms)
✔ navigation during cache loss repairs online; offline recovery has actionable Retry and no runtime (190.6199ms)
✔ concurrent Retry joins pending core repair and never reports premature readiness (118.7452ms)
✔ delayed install and waiting worker under old controller do not reload the new shell backwards (94.9745ms)
✔ controllerchange after the original readiness deadline resumes the paused page (431.2731ms)
✔ cache completion after initial check and Retry during progress converge without reload loops (465.7619ms)
✔ Retry after partial runtime execution verifies the core before its one explicit reload (64.7004ms)
✔ late reply from a replaced controller cannot cause a reload to the wrong generation (33.6889ms)
✔ existing waiting worker is resumed even when the current old page is already coherent (31.1816ms)
✔ controller replacement during registration lookup cannot pass the old readiness reply (17.3707ms)
✔ recovery document Retry advances waiting activation, waits for control and reloads once (316.1701ms)
✔ submitted family grouping overrides lexical order and saved-score preference (107.7764ms)
✔ submitted explicit 3 selects the matching direct identity (41.2664ms)
✔ submitted explicit 6 selects the matching direct identity (38.5692ms)
✔ submitted explicit 10 selects the matching direct identity (36.3174ms)
✔ committed named-size family remains neutral until a named size is supplied (77.4058ms)
✔ shared metadata handles an unrelated named-size fixture and explicit sizes (15.3869ms)
✔ unique products retain Best match; family metadata alone does not create ambiguity (0.7967ms)
✔ additional identity modifiers and explicit combo intent do not become direct-family choices (17.3163ms)
✔ canonical duplicates cannot create a false family (2.5245ms)
✔ another source derives one family from source family fields and declared sizes (128.6627ms)
✔ every committed KFC choice family includes all direct peers, including a single-piece order (249.1386ms)
✔ incomplete size peers retain early completion actions in their neutral group (1.6465ms)
✔ actual Search button/Return rendering preserves neutral and explicit families through persisted Review (17388.5492ms)
✔ exact retailer recognition remains separate from consumer-brand identity (21.8249ms)
✔ no name, OFF URL or brand-index match can substitute for verified retailer membership (12.6985ms)
✔ membership keeps the national and private-label consumer brands and provenance intact (29.4686ms)
✔ community nutrition with separate official listing evidence does not become manufacturer verification (5.8405ms)
✔ food-only categories and all-items postings exclude non-food products (4.4197ms)
✔ root and category directory do not hydrate products; pages have a strict bound and cache (7.7274ms)
✔ category and Back navigation retain retailer ownership (3.4693ms)
✔ retiring retailer intent leaves subsequent generic and brand searches independent (72.3305ms)
✔ late retailer hydration cannot replace a newer owner or refill its cancelled session (3.7599ms)
✔ late category result cannot overwrite a newer category within the same query (2.8632ms)
✔ a synthetic second retailer uses the identical registration, evidence and browse contracts (2.5092ms)
✔ guided supermarket identity requires separate house/private-label evidence, not retailer stock (2.3654ms)
✔ actual consumer-brand selection still uses consumer-brand membership (1.4346ms)
✔ unverified or wrong-brand commercial identity evidence cannot widen the guided route (1.4462ms)
✔ product handoff keeps canonical identity, unknown nutrients and one confirmation (15.4429ms)
✔ a loader cannot substitute foreign IDs or weaken the indexed listing evidence (3.0014ms)
✔ retailer aliases cannot take over generic food or known consumer-brand recognition (1.9789ms)
✔ the generic source converter requires consumer brand and does not turn retailers into restaurants (4.5054ms)
✔ every actual retailer category and house brand has eligible products and settles with exactly those identities (7280.4492ms)
✔ stale category, stale brand and empty intersection settle empty without offering zero choices (2.2403ms)
✔ unresolved adapter is bounded; late result cannot refill caches or overwrite retry (40.6493ms)
✔ shard deadline aborts stalled read, evicts rejected promise and allows real retry (30.9273ms)
✔ loader rejection and catalogue replacement terminate as errors (5.0142ms)
✔ timeout from an old request cannot finish a newer request (26.8481ms)
✔ compatible title punctuation and casing retains authority, aliases and original source titles (33.7473ms)
✔ compatible title harmless wording refresh retains authority, aliases and original source titles (6.0231ms)
✔ compatible title retailer wording and word order retains authority, aliases and original source titles (2.5507ms)
✔ compatible title duplicated pack wording retains authority, aliases and original source titles (2.6686ms)
✔ compatible title current verified title retains authority, aliases and original source titles (3.5183ms)
✔ equally trusted compatible titles use existing publication currentness (1.0044ms)
✔ material title Original versus Chocolate remains unresolved (10.2895ms)
✔ material title Full Cream versus Reduced Fat remains unresolved (4.7482ms)
✔ material title regular versus Gluten Free remains unresolved (6.1468ms)
✔ material title title pack 420 g versus 840 g remains unresolved (4.1371ms)
✔ material title 6 Pack versus 12 Pack remains unresolved (3.5861ms)
✔ material title salt formulation remains unresolved (3.1935ms)
✔ material title sweetening remains unresolved (4.1458ms)
✔ material title title size remains unresolved (3.4178ms)
✔ material title product family remains unresolved (3.3321ms)
✔ structured pack versus title-only pack cannot bypass identity checking (2.9536ms)
✔ compatible same-GTIN evidence still corroborates with manufacturer authority and both sources (1.2996ms)
✔ same GTIN 420 g versus 840 g is inspectable identity conflict even with stronger manufacturer evidence (4.0448ms)
✔ incompatible same-GTIN flavour blocks ordinary logging (4.1211ms)
✔ incompatible same-GTIN brand blocks ordinary logging (2.3146ms)
✔ incompatible same-GTIN physical form blocks ordinary logging (1.9371ms)
✔ incompatible same-GTIN explicit variant blocks ordinary logging (3.8344ms)
✔ incompatible same-GTIN count blocks ordinary logging (4.045ms)
✔ incompatible same-GTIN size blocks ordinary logging (4.4039ms)
✔ same-GTIN identity conflict cannot be cleared by re-canonicalising with the preferred clean source (3.4679ms)
✔ equal-authority nutrition conflict remains blocked and never averaged (0.6833ms)
✔ different GTINs remain distinct without manufacturing or replacing barcodes (0.2831ms)
✔ all shared dedupe surfaces retain the same-GTIN conflict instead of choosing a clean rank winner (3.2849ms)
✔ retailer index loads all same-GTIN evidence on the same page before permitting selection (7.0066ms)
✔ unlisted OFF evidence for a listed GTIN is retained for conflict analysis without creating another retailer product (3.1695ms)
✔ empty and partial panels retain same-basis saved nutrition without mutating baseline (44.0302ms)
✔ changed serving or metric column never inherits incompatible old cells (2.0905ms)
✔ explicit zero replaces saved cell while printed energy is retained for conflict review (1.8469ms)
✔ serving and pack distinct: 170 g (1.1304ms)
✔ serving and pack distinct: 125 g (1.2011ms)
✔ serving and pack distinct: 250 mL (1.07ms)
✔ serving and pack distinct: 1 piece (1.1644ms)
✔ decimal literal preserved: 5.3 (0.8198ms)
✔ decimal literal preserved: 3.3 (0.7733ms)
✔ decimal literal preserved: 0.8 (0.6138ms)
✔ decimal literal preserved: 12.5 (1.1687ms)
✔ decimal literal preserved: 1.7 (0.4868ms)
✔ decimal literal preserved: 0.3 (0.4586ms)
✔ decimal literal preserved: 33 (0.3664ms)
✔ table geometry associates words across column blocks and preserves missing-cell ownership (7.367ms)
✔ geometry rejects low confidence integer and split decimal without losing other column (4.4992ms)
✔ geometry respects reversed printed column headings (2.5437ms)
✔ geometry without supported heading evidence falls back without guessing column (0.8012ms)
✔ metadata-only read retains pack count without erasing a saved column through a misread serving (2.0765ms)
✔ partial per-100 reading selects that populated baseline column for future nutrition (1.3795ms)
✔ source metadata lookup retains registry order and detached values (19.5314ms)
✔ restaurant recognition retains prefix results without reading catalogue items (649.6335ms)
✔ recognising KFC does not call application blur (7.0717ms)
✔ KFC remains focused so typing can continue (3.7726ms)
✔ recognition does not commit restaurant browse state (3.6541ms)
✔ one central search-session controller owns typing state (0.5664ms)
✔ production typing controller advances exact ownership for Cote → Côte (14.4227ms)
✔ production typing controller advances exact ownership for resume → résumé (4.6578ms)
✔ production typing controller advances exact ownership for Burgen → Bürgen (4.9587ms)
✔ production typing controller advances exact ownership for Häagen-Dazs → Haagen-Dazs (4.4893ms)
✔ production typing controller advances exact ownership for Milk → milk  (10.4178ms)
✔ KFC retains focus through a 0 ms result delay (4.7606ms)
✔ KFC retains focus through a 250 ms result delay (3.6485ms)
✔ KFC retains focus through a 750 ms result delay (3.6267ms)
✔ KFC retains focus through a 1500 ms result delay (3.7755ms)
✔ the same input DOM node survives character-by-character updates (7.1987ms)
✔ McDonald’s and Flora ProActiv Light remain continuously typeable (20.2338ms)
✔ explicit source tap commits and dismisses the keyboard through the shared filter transition (6.502ms)
✔ recognition preview cannot instantiate Guided Product Resolution (0.9533ms)
✔ chips has a data-backed generic schema (0.1414ms)
✔ chips begins generic progressive resolution (57.3769ms)
✔ food family is the first chips question (28.6828ms)
✔ chips amount begins blank and no 100 g is committed (41.6626ms)
✔ verified AUSNUT chip measures are available for the matching AFCD row (2.513ms)
✔ KFC alone is a restaurant source and not an arbitrary product (0.9795ms)
✔ KFC source inventory exposes all 12 categories and 148 products including the reviewed supplement (4.725ms)
✔ KFC product terms remain restricted to authoritative KFC records (5.4844ms)
✔ consumer/OFF records cannot masquerade as the KFC restaurant source (0.2597ms)
✔ Popcorn Chicken without a source infers the unique restaurant family (10.4759ms)
✔ KFC 3 Wicked Wings resolves one official identity (1.504ms)
✔ KFC 6 Wicked Wings resolves one official identity (0.723ms)
✔ KFC 10 Wicked Wings resolves one official identity (0.5933ms)
✔ KFC Wicked Wings exposes exactly the three committed count choices (1.6476ms)
✔ KFC Popcorn Chicken exposes Snack, Regular and Maxi sizes (1.5839ms)
✔ KFC Regular Popcorn Chicken resolves exact (7.32ms)
✔ KFC Maxi Popcorn Chicken resolves exact (3.2845ms)
✔ KFC chips exposes only Regular and Large official sizes (1.3968ms)
✔ chips food family and source/context are separate dimensions (0.1589ms)
✔ Hot Chips path asks the data-backed source context next (26.3805ms)
✔ Packet Chips path is separate and asks its supported flavour (22.4788ms)
✔ typed oven-baked preparation skips the redundant question (20.3629ms)
✔ an unsupported air-fried method is not silently mapped (0.6613ms)
✔ generic chips exposes measure only after exact nutritional identity (51.1675ms)
✔ generic chips grams persist to final Review (30.913ms)
✔ generic chips AUSNUT chip measure persists to final Review (29.0793ms)
✔ generic chips never substitutes a branded online product (23.5695ms)
✔ source and data-backed generic typing do not launch racing automatic online searches (0.2514ms)
✔ stale no-record ownership is retired on query change and exact identity (0.8825ms)
✔ KFC Regular Popcorn Chicken final portion is one natural portion (7.5892ms)
✔ KFC Maxi Popcorn Chicken final portion is one natural portion (2.6968ms)
✔ KFC Regular Chips final portion is one natural portion (2.3192ms)
✔ one six-piece Wicked Wings portion scales nutrition exactly once (3.6603ms)
✔ six individual Wicked Wings pieces also scale the identity exactly once (2.8726ms)
✔ Big Mac remains one burger with official McDonald’s provenance (3.6332ms)
✔ source switching classifies McDonald’s, KFC and generic chips without bleed (132.2933ms)
✔ control: protected KFC snapshot remains 126 unique products without invented standalone Corn Chips (18.403ms)
✔ Bread: bounded shortlist starts with its base concept (258.7266ms)
✔ Milk: bounded shortlist starts with its base concept (37.2017ms)
✔ Hash Brown: bounded shortlist starts with its base concept (6.8076ms)
✔ Bread relationships identify crumbs, rolls and common prepared foods without equating them (5.7015ms)
✔ Bread commercial entry offers four source classes and retains wholemeal (2.3539ms)
✔ Missing explicit restaurant and brand identities do not match another source (3.4969ms)
✔ Big Mac capability requires Standard, blocks unsupported extras and preserves nutrition (20.9438ms)
✔ Diary hides bulk units while central safe mass and volume remain available (5.4159ms)
✔ Flora current acceptance uses evidenced measures without requiring thickness (4.5792ms)
✔ explicit missing brand products use the absence path while brand-only and source-only queries retain their hubs (2.9703ms)
✔ explicit brand concept queries reject containing dishes while preserving exact compound intent (2.4288ms)
✔ plural exact identity survives lexical filtering while consumed quantity stays separate (814.2685ms)
✔ unrelated loaded packs cannot reclassify consumed quantity as an exact product count (55.1861ms)
✔ 1. catalogue records keep a stable source identity and Australian market context (2.1888ms)
✔ 2. AFCD, packaged, private, recipe and online candidates remain distinct record types (0.5837ms)
✔ 3. exact canonical names outrank exact aliases (3.2459ms)
✔ 4. exact aliases outrank order-independent all-token matches (0.6461ms)
✔ 5. all query tokens may match in any order (0.4579ms)
✔ 6. potato scallop is a controlled Australian alias for potato cake (1.5091ms)
✔ 7. bare scallop is not silently rewritten to a potato food (2.313ms)
✔ 8. bare chips remains ambiguous while hot chips and potato chips are explicit (0.3916ms)
✔ 9. Bunnings sausage and snag vocabulary remains explicit and local (3.5453ms)
✔ 10. controlled cappuccino spelling errors are recognised below Australian aliases (0.7831ms)
✔ 11. unlisted spelling differences are not accepted as speculative fuzzy identity (0.4004ms)
✔ 12. broader substring results stay below controlled typos (0.5672ms)
✔ 13. duplicate source IDs collapse to one canonical AFCD record (0.7243ms)
✔ 14. compatible title refresh retains the stronger verified title and older evidence (34.8596ms)
✔ 15. preparation variants are not merged merely because their names match (0.3834ms)
✔ 16. provenance clearly distinguishes AFCD, My Foods and online candidates (0.3355ms)
✔ 17. a recognised-only record cannot be logged without usable nutrition (5.5548ms)
✔ 18. a new search is blank while Back restores the same search snapshot (0.4545ms)
✔ 19. the search parser recognises toast as bread and preserves preparation (3.7288ms)
✔ 20. egg preparation choices include oven and air-fryer pathways without merging them (1.5175ms)
✔ 21. required Australian retailers and brands are recognised as commercial context (0.7913ms)
✔ 22. all 1,588 local AFCD records remain present (8.3484ms)
✔ 23. the active search controller delegates to the catalogue and de-duplicates ranked products (1.2816ms)
✔ 24. catalogue loading, offline caching and release runtime version are consistent (0.6964ms)
✔ 25. Woolworths beef sausage preserves known meat and commercial source context (1.3541ms)
✔ 26. herb and garlic sausage detail is preserved as an answered flavour facet (1.7025ms)
✔ 27. hyphen and space variations normalise to the same exact identity (0.5717ms)
✔ 28. brand, retailer, food-service context and serving descriptions are searchable fields (1.2353ms)
✔ 29. generic sausage branching remains useful while supplied details skip redundant source questions (1.1909ms)
✔ 30. production online ownership rejects late OFF arrival across "milk" → "milk " (3.6845ms)
✔ 30. production online ownership rejects late OFF arrival across "milk " → "milk" (2.0784ms)
✔ 30. production online ownership rejects late OFF arrival across "Cote" → "Côte" (1.8442ms)
✔ 30. production online ownership rejects late OFF arrival across "Burgen" → "Bürgen" (2.3229ms)
✔ 30. production online ownership rejects late OFF arrival across " Häagen-Dazs" → "Häagen-Dazs" (2.5294ms)
✔ 30. accepted OFF cache survives "milk" → "milk " while late USDA cannot render (3.1738ms)
✔ 30. accepted OFF cache survives "milk " → "milk" while late USDA cannot render (1.6422ms)
✔ 30. production cancellation aborts in-flight work and rejects its later completion (1.7921ms)
✔ 31. My Foods, My Recipes and Recent stay on their established stores and render paths (0.4828ms)
✔ 1. quantity parsing supports the complete approved unit vocabulary (8.0665ms)
✔ 2. parsed quantities and count units remain attached to each component (0.4911ms)
✔ 3. eggs on toast splits conservatively while preserving both quantities (2.8577ms)
✔ 4. poached eggs and wholemeal toast retain preparation and component amount (4.3262ms)
✔ 5. banana and yoghurt is an approved high-confidence compound (0.7122ms)
✔ 6. cereal with milk is an approved high-confidence compound (0.7554ms)
✔ 7. toast with Flora is recognised without inventing a generic spread record (0.7684ms)
✔ 8. low-confidence phrases are not split into fabricated foods (1.2314ms)
✔ 9. per-serving and per-100 columns remain independently represented (0.7989ms)
✔ 10. a per-100 reference is never renamed or assumed to be one serving (0.7658ms)
✔ 11. an explicit manufacturer serving may be calculated from its matching per-100 basis (0.2832ms)
✔ 12. incompatible or unknown unit conversions return missing values rather than guesses (0.2193ms)
✔ 13. Flora ProActiv package semantics use the explicit two-teaspoon serving (16.0997ms)
✔ 14. explicit package cracker counts create a valid per-cracker conversion (4.5878ms)
✔ 15. kilogram and litre options appear only from valid metric conversions (10.7513ms)
✔ 16. package foods never borrow household units solely from words in a product name (1.3644ms)
✔ 17. incomplete recognised products can be saved for review but cannot enter Diary (0.7166ms)
✔ 18. a complete reviewed packaged food may be saved or logged (0.2071ms)
✔ 19. Diary snapshots retain identity, serving, provenance and scaled nutrition (0.5625ms)
✔ 20. changing a catalogue product later cannot rewrite an existing Diary snapshot (1.7274ms)
✔ 21. an entry can be reconstructed from its stored snapshot after catalogue removal (0.6025ms)
✔ 22. material per-serving versus per-100 discrepancies are flagged for review (0.4593ms)
✔ 23. active online conversion preserves missing energy as null rather than zero (1.1656ms)
✔ 24. active Diary creation and historical editing use an immutable food snapshot (0.7201ms)
✔ 25. packaged-food foundation is loaded offline at the release version without changing migrations (0.7442ms)
✔ 26. missing online nutrient fields remain null rather than fabricated zeroes (0.9597ms)
✔ 27. voice and meal-planner Diary paths also preserve food snapshots (1.0031ms)
✔ 28. only an explicit parsed amount survives the guided wizard handoff (0.9617ms)
✔ 1. HEC_APP remains the one canonical active release authority (7.957ms)
✔ 2. every active visible and static release copy is 0.6.33 (4.4602ms)
✔ 3. runtime module diagnostics report the release version (4.372ms)
✔ 4. generation gate precedes runtime loading and keeps failed startup unavailable (0.6158ms)
✔ 5. dynamic runtime files share the internal generation and dependency order (9.0543ms)
✔ 6. service-worker core coverage exactly includes every required runtime module (9.6064ms)
✔ 7. companion authoring sources remain absent and only 48 runtime WebPs ship (3.0724ms)
✔ 8. My Data prunes only unused same-role application caches (211.3163ms)
✔ 9. a new generation cannot use an old same-path cache entry (105.5557ms)
✔ 10. the Alpha 0.6.16 profileStart ReferenceError path is removed (1.7188ms)
✔ 11. malformed-but-recoverable records remain present while valid records gain identities (4.1024ms)
✔ 12. reset paths retain one owner, repeated-click protection and the exact protected library scope (0.9806ms)
✔ 13. backup and diagnostics metadata derive from the canonical release (0.7459ms)
✔ 14. blank USDA configuration makes no DEMO_KEY request and leaves local search independent (1.0032ms)
✔ 15. HTML IDs are unique (1.3342ms)
✔ 16. all local static and dynamic entry references resolve (14.5132ms)
✔ 17. core release forms retain labels and validation accessibility wiring (2.315ms)
✔ 18. release documentation filenames are reserved for this candidate (0.4757ms)
✔ 19. Reset & Keep My Library preserves exactly the protected library fields (2.9322ms)
✔ 20. keep-library and full reset paths are single-shot and clear their exact key sets (5.3218ms)
✔ 21. restored Alpha 0.6.32 backup records migrate without payload loss (5.7761ms)
✔ 22. static icon-only buttons have accessible names (0.8467ms)
✔ 23. the inline release loader and manifest both parse (1.5162ms)
✔ 1. bare Hash Brown has a reusable generic concept (4.0683ms)
✔ 2. submitted bare generic search ranks the generic concept first (31.5059ms)
✔ 3. solid identity quarantines an incompatible source mL measure (6.5677ms)
✔ 3a. generic concept metadata outranks malformed source volume inference (2.5384ms)
✔ 4. composite generic source plan keeps four canonical paths separate (2.7316ms)
✔ 5. purchased frozen and home-prepared are never one guided state (0.4038ms)
✔ 6. answer history wraps readable labels at phone width (0.7999ms)
✔ 7. main food search exposes semantic form and visible submit control (0.3586ms)
✔ 8. deliberate measure selection focuses the newly rendered amount field (1.0692ms)
✔ 9. written variant count resolves like a digit without multiplying consumption (1.1764ms)
✔ 10. consumed quantity remains separate from a counted product variant (0.6551ms)
✔ 11. unfinished prefixes cannot claim the best-match slot (3.6428ms)
✔ 12. a strong complete exact product submission leads with Best match (5.308ms)
✔ 13. simple whole foods can skip source branching (0.2645ms)
✔ 14. submitted groups are immutable snapshots (5.5151ms)
✔ 15. stale asynchronous work loses ownership after a new preview (0.8745ms)
✔ 16. decimal, common fraction and written mixed quantities share one parser (0.7899ms)
✔ 17. quantity may follow the food phrase and dozen is explicit (0.3537ms)
✔ 18. an exact product-name count is identity metadata, not consumption (0.4587ms)
✔ 19. exact candidate context separates prefixed consumed count and variant count (0.2823ms)
✔ 20. explicit solid form wins over a malformed source volume (1.6851ms)
✔ 21. liquid, spread and sliced forms retain compatible measure families (2.7145ms)
✔ 22. source plans expose stable route metadata (0.6606ms)
✔ 23. ordinary technical source questions provide a Not Sure path (0.2994ms)
✔ 24. the controller records universal destination, source and preparation state (1.6587ms)
✔ 25. search and amount controls retain visible touch-sized responsive rules (0.5583ms)
✔ 26. supplied generic source words keep a generic route and mark it direct (1.4665ms)
✔ 27. delayed online results append a labelled group without reordering primary results (3.8716ms)
✔ 28. committed universal results guard the legacy asynchronous renderer (1.031ms)
✔ 29. online completion appends its group without replacing primary result nodes (1.1553ms)
✔ 30. repeated legacy render requests preserve the owned committed surface (1.3126ms)
✔ 31. pointer activation survives a legacy focus render without making scroll gestures select (1.5809ms)
✔ 32. valid custom decimal amounts stay exact in the review label (2.7305ms)
✔ 33. amount typing and quick amounts update one live nutrition preview (1.4946ms)
✔ 34. simple whole foods bypass source branching instead of opening an empty chooser (0.9798ms)
✔ 35. exact result rows expose central addability status (0.7166ms)
✔ 36. fraction words in an exact product name remain identity language (0.3701ms)
✔ 37. packaged catalogue arrivals append inside the owned packaged branch (0.8582ms)
✔ official product 277727 retains factual brand, provenance, pack and unknown nutrients (22.4607ms)
✔ official product 353871 retains factual brand, provenance, pack and unknown nutrients (3.3903ms)
✔ official product 814281 retains factual brand, provenance, pack and unknown nutrients (2.5991ms)
✔ official product 151547 retains factual brand, provenance, pack and unknown nutrients (5.097ms)
✔ official product 382738 retains factual brand, provenance, pack and unknown nutrients (3.4084ms)
✔ official product 571487 retains factual brand, provenance, pack and unknown nutrients (2.6634ms)
✔ official product 310237 retains factual brand, provenance, pack and unknown nutrients (1.8239ms)
✔ official product 224941 retains factual brand, provenance, pack and unknown nutrients (2.4561ms)
✔ official product 311844 retains factual brand, provenance, pack and unknown nutrients (2.1634ms)
✔ official product 702098 retains factual brand, provenance, pack and unknown nutrients (2.4083ms)
✔ official product 321220 retains factual brand, provenance, pack and unknown nutrients (1.6875ms)
✔ official product 158188 retains factual brand, provenance, pack and unknown nutrients (2.8231ms)
✔ official product 47682 retains factual brand, provenance, pack and unknown nutrients (1.8567ms)
✔ official product 700589 retains factual brand, provenance, pack and unknown nutrients (1.6309ms)
✔ official product 35007 retains factual brand, provenance, pack and unknown nutrients (1.8314ms)
✔ official product 346830 retains factual brand, provenance, pack and unknown nutrients (4.0995ms)
✔ official product 83763 retains factual brand, provenance, pack and unknown nutrients (3.7363ms)
✔ official product 904775 retains factual brand, provenance, pack and unknown nutrients (4.1472ms)
✔ official product 93530 retains factual brand, provenance, pack and unknown nutrients (6.9591ms)
✔ official product 233922 retains factual brand, provenance, pack and unknown nutrients (2.5437ms)
✔ official product 69286 retains factual brand, provenance, pack and unknown nutrients (2.1801ms)
✔ official product 824365 retains factual brand, provenance, pack and unknown nutrients (2.1035ms)
✔ official product 355265 retains factual brand, provenance, pack and unknown nutrients (1.5692ms)
✔ official product 824442 retains factual brand, provenance, pack and unknown nutrients (1.8105ms)
✔ official product 36009 retains factual brand, provenance, pack and unknown nutrients (1.4253ms)
✔ official product 396254 retains factual brand, provenance, pack and unknown nutrients (1.6666ms)
✔ official product 756826 retains factual brand, provenance, pack and unknown nutrients (1.6346ms)
✔ official product 248249 retains factual brand, provenance, pack and unknown nutrients (1.6322ms)
✔ official product 754170 retains factual brand, provenance, pack and unknown nutrients (3.0483ms)
✔ official product 924103 retains factual brand, provenance, pack and unknown nutrients (2.4525ms)
✔ official product 98299 retains factual brand, provenance, pack and unknown nutrients (1.7664ms)
✔ official product 38939 retains factual brand, provenance, pack and unknown nutrients (1.4898ms)
✔ official product 230519 retains factual brand, provenance, pack and unknown nutrients (2.4116ms)
✔ official product 665356 retains factual brand, provenance, pack and unknown nutrients (1.8595ms)
✔ official product 756086 retains factual brand, provenance, pack and unknown nutrients (2.2648ms)
✔ official product 6033180 retains factual brand, provenance, pack and unknown nutrients (2.1917ms)
✔ official product 825528 retains factual brand, provenance, pack and unknown nutrients (2.0835ms)
✔ official product 228345 retains factual brand, provenance, pack and unknown nutrients (1.9406ms)
✔ official product 830211 retains factual brand, provenance, pack and unknown nutrients (1.8512ms)
✔ official product 288440 retains factual brand, provenance, pack and unknown nutrients (1.801ms)
✔ official product 208679 retains factual brand, provenance, pack and unknown nutrients (1.4885ms)
✔ official product 905257 retains factual brand, provenance, pack and unknown nutrients (1.5981ms)
✔ official product 902837 retains factual brand, provenance, pack and unknown nutrients (1.4683ms)
✔ bounded wave totals are exact and all retained canonical displays use actual official consumer brands (0.6031ms)
✔ source shards and exact OFF corroboration remain pinned to committed bytes (222.4306ms)
✔ invalid GTINs are never corrected and qualified values never become zero (0.2663ms)
✔ directory is registered with food-only categories and performs zero product hydration (156.4138ms)
✔ real pagination hydrates complete same-GTIN groups and keeps page context (83.5086ms)
✔ real private-label breadth is verified product by product and national bread stays outside guided Woolworths (24.4535ms)
✔ indexed search preserves private product intent and national consumer brands (18.9805ms)
✔ La Gina title evolution safely merges, retains OFF alias and prefers the official nutrition (3.094ms)
✔ sandwich slice bread is a loaf and harmless title evolution is retained (1.374ms)
✔ equivalent shared solid-form labels do not manufacture a material identity conflict (1.492ms)
✔ real different brand evidence remains conflict-blocked even with a valid shared GTIN (8.8249ms)
✔ barcode capture actions cannot re-enable ordinary logging for the real identity conflict (5.0167ms)
✔ official source serving discrepancy retains official identity and cannot fall back to incomplete OFF nutrition (1.3885ms)
✔ higher-trust nutrition differences are retained, never averaged (1.2929ms)
✔ missing water/produce nutrition stays missing and package produce stays distinct from generic composition (2.3638ms)
✔ real spread uses documented measures without invented teaspoons or borrowed conversions (1.1ms)
✔ dry and uncooked product nutrition states are visible and ingredient facts remain available (0.1755ms)
✔ retailer search cancellation discards stale results and never hydrates a whole catalogue (334.2985ms)
ℹ tests 1109
ℹ suites 0
ℹ pass 1102
ℹ fail 7
ℹ cancelled 0
ℹ skipped 0
ℹ todo 0
ℹ duration_ms 398993.7704

✖ failing tests:

test at tests\aldi-source.test.js:9:1
✖ directory counts and All Items are deterministic and lazy (322.6221ms)
  AssertionError [ERR_ASSERTION]: Expected values to be strictly equal:
  
  224 !== 87
  
      at TestContext.<anonymous> (C:\Users\mlwes\OneDrive\Documents\HEC Development\Healthy_Eating_Companion_Founder_Trial_Alpha_0_6_32\tests\aldi-source.test.js:9:247)
      at Test.runInAsyncScope (node:async_hooks:227:14)
      at Test.run (node:internal/test_runner/test:1382:25)
      at Test.processPendingSubtests (node:internal/test_runner/test:960:18)
      at Test.postRun (node:internal/test_runner/test:1522:19)
      at Test.run (node:internal/test_runner/test:1447:12)
      at async Test.processPendingSubtests (node:internal/test_runner/test:960:7) {
    generatedMessage: true,
    code: 'ERR_ASSERTION',
    actual: 224,
    expected: 87,
    operator: 'strictEqual',
    diff: 'simple'
  }

test at tests\aldi-source.test.js:10:1
✖ every visible item has approved explicit Australia-only store evidence, source brand and attribution (238.1813ms)
  AssertionError [ERR_ASSERTION]: The expression evaluated to a falsy value:
  
    assert(r)
  
      at TestContext.<anonymous> (C:\Users\mlwes\OneDrive\Documents\HEC Development\Healthy_Eating_Companion_Founder_Trial_Alpha_0_6_32\tests\aldi-source.test.js:10:207)
      at async Test.run (node:internal/test_runner/test:1389:7)
      at async Test.processPendingSubtests (node:internal/test_runner/test:960:7) {
    generatedMessage: true,
    code: 'ERR_ASSERTION',
    actual: undefined,
    expected: true,
    operator: '==',
    diff: 'simple'
  }

test at tests\aldi-source.test.js:22:1
✖ bounded Woolworths and Coles regressions retain their roots and accepted catalogues (97.619ms)
  AssertionError [ERR_ASSERTION]: Expected values to be strictly equal:
  
  417 !== 860
  
      at TestContext.<anonymous> (C:\Users\mlwes\OneDrive\Documents\HEC Development\Healthy_Eating_Companion_Founder_Trial_Alpha_0_6_32\tests\aldi-source.test.js:22:205)
      at Test.runInAsyncScope (node:async_hooks:227:14)
      at Test.run (node:internal/test_runner/test:1382:25)
      at Test.processPendingSubtests (node:internal/test_runner/test:960:18)
      at Test.postRun (node:internal/test_runner/test:1522:19)
      at Test.run (node:internal/test_runner/test:1447:12)
      at async Test.processPendingSubtests (node:internal/test_runner/test:960:7) {
    generatedMessage: true,
    code: 'ERR_ASSERTION',
    actual: 417,
    expected: 860,
    operator: 'strictEqual',
    diff: 'simple'
  }

test at tests\brand-catalogue.test.js:5:1
✖ every generated record passes identity, GTIN, AU, nutrition, conflicts and unknown preservation (13640.2478ms)
  AssertionError [ERR_ASSERTION]: Expected values to be strictly equal:
  + actual - expected
  
  + 'official-au-retailer'
  - 'official-au-manufacturer'
                 ^
  
      at TestContext.<anonymous> (C:\Users\mlwes\OneDrive\Documents\HEC Development\Healthy_Eating_Companion_Founder_Trial_Alpha_0_6_32\tests\brand-catalogue.test.js:7:432)
      at Test.runInAsyncScope (node:async_hooks:227:14)
      at Test.run (node:internal/test_runner/test:1382:25)
      at Test.start (node:internal/test_runner/test:1242:17)
      at startSubtestAfterBootstrap (node:internal/test_runner/harness:387:17) {
    generatedMessage: true,
    code: 'ERR_ASSERTION',
    actual: 'official-au-retailer',
    expected: 'official-au-manufacturer',
    operator: 'strictEqual',
    diff: 'simple'
  }

test at tests\catalogue-semantics-repair.test.js:6:1
✖ ordinary supermarket browse is relationship-gated, current or uncertain, never sale or provenance alone (370.1197ms)
  AssertionError [ERR_ASSERTION]: Expected values to be strictly equal:
  
  224 !== 222
  
      at TestContext.<anonymous> (C:\Users\mlwes\OneDrive\Documents\HEC Development\Healthy_Eating_Companion_Founder_Trial_Alpha_0_6_32\tests\catalogue-semantics-repair.test.js:7:107)
      at async Test.run (node:internal/test_runner/test:1389:7)
      at async startSubtestAfterBootstrap (node:internal/test_runner/harness:387:3) {
    generatedMessage: true,
    code: 'ERR_ASSERTION',
    actual: 224,
    expected: 222,
    operator: 'strictEqual',
    diff: 'simple'
  }

test at tests\catalogue-semantics-repair.test.js:28:1
✖ all accepted source identity, nutrition, measure and evidence facts remain byte-equivalent (309.4452ms)
  AssertionError [ERR_ASSERTION]: brand
  
  7494 !== 7491
  
      at TestContext.<anonymous> (C:\Users\mlwes\OneDrive\Documents\HEC Development\Healthy_Eating_Companion_Founder_Trial_Alpha_0_6_32\tests\catalogue-semantics-repair.test.js:30:227)
      at Test.runInAsyncScope (node:async_hooks:227:14)
      at Test.run (node:internal/test_runner/test:1382:25)
      at Test.processPendingSubtests (node:internal/test_runner/test:960:18)
      at Test.postRun (node:internal/test_runner/test:1522:19)
      at Test.run (node:internal/test_runner/test:1447:12)
      at async Test.processPendingSubtests (node:internal/test_runner/test:960:7) {
    generatedMessage: false,
    code: 'ERR_ASSERTION',
    actual: 7494,
    expected: 7491,
    operator: 'strictEqual',
    diff: 'simple'
  }

test at tests\catalogue-wave-1b.test.js:19:1
✖ 24 Wave 1B corrections survive; Wave 2A accounts for later shared fallback changes (288.0941ms)
  AssertionError [ERR_ASSERTION]: Expected values to be strictly equal:
  
  36 !== 37
  
      at TestContext.<anonymous> (C:\Users\mlwes\OneDrive\Documents\HEC Development\Healthy_Eating_Companion_Founder_Trial_Alpha_0_6_32\tests\catalogue-wave-1b.test.js:22:38)
      at async Test.run (node:internal/test_runner/test:1389:7)
      at async Test.processPendingSubtests (node:internal/test_runner/test:960:7) {
    generatedMessage: true,
    code: 'ERR_ASSERTION',
    actual: 36,
    expected: 37,
    operator: 'strictEqual',
    diff: 'simple'
  }
